config,bar_size,horizon,target_type,features,params_idx,n_trades,win_rate,total_net_return,sharpe,profit_factor,max_drawdown,final_equity
4h_h30_binary_base_p0,4h,30,binary,base,0,157,0.6943,3.617564,8.394,3.986,-0.0472,13617.56
4h_h30_binary_base_p1,4h,30,binary,base,1,124,0.7097,3.631482,8.92,4.773,-0.0472,13631.48
4h_h30_binary_base_p2,4h,30,binary,base,2,163,0.6135,3.219724,7.446,3.095,-0.0486,13219.72
4h_h30_binary_base_p3,4h,30,binary,base,3,127,0.7165,3.523065,8.519,4.121,-0.0543,13523.07
4h_h30_binary_base_p4,4h,30,binary,base,4,155,0.6516,3.297769,7.594,3.266,-0.0486,13297.77
4h_h30_binary_ta_p0,4h,30,binary,ta,0,152,0.6053,3.501566,7.413,3.155,-0.0513,13501.57
4h_h30_binary_ta_p1,4h,30,binary,ta,1,94,0.7447,3.44529,8.583,4.443,-0.0472,13445.29
4h_h30_binary_ta_p2,4h,30,binary,ta,2,135,0.7407,4.458993,9.02,4.287,-0.0514,14458.99
4h_h30_binary_ta_p3,4h,30,binary,ta,3,106,0.7453,3.544947,8.615,4.373,-0.0472,13544.95
4h_h30_binary_ta_p4,4h,30,binary,ta,4,122,0.6393,3.0345,7.18,3.333,-0.0543,13034.5
4h_h30_binary_more_lags_p0,4h,30,binary,more_lags,0,56,0.6071,1.817318,4.54,2.624,-0.0542,11817.32
4h_h30_binary_more_lags_p1,4h,30,binary,more_lags,1,54,0.5741,1.579047,3.765,2.175,-0.0542,11579.05
4h_h30_binary_more_lags_p2,4h,30,binary,more_lags,2,193,0.4301,1.017579,2.201,1.356,-0.0887,11017.58
4h_h30_binary_more_lags_p3,4h,30,binary,more_lags,3,48,0.625,1.798347,4.644,2.806,-0.0472,11798.35
4h_h30_binary_more_lags_p4,4h,30,binary,more_lags,4,127,0.5669,2.756367,6.642,3.039,-0.041,12756.37
4h_h30_binary_ta+lags_p0,4h,30,binary,ta+lags,0,81,0.6173,1.793878,4.109,2.187,-0.0472,11793.88
4h_h30_binary_ta+lags_p1,4h,30,binary,ta+lags,1,122,0.6148,2.625385,6.126,2.873,-0.0472,12625.38
4h_h30_binary_ta+lags_p2,4h,30,binary,ta+lags,2,88,0.5682,1.812298,4.134,2.19,-0.0472,11812.3
4h_h30_binary_ta+lags_p3,4h,30,binary,ta+lags,3,76,0.6053,1.936031,4.702,2.591,-0.048,11936.03
4h_h30_binary_ta+lags_p4,4h,30,binary,ta+lags,4,89,0.4607,1.572,3.683,1.972,-0.0543,11572.0
4h_h30_magnitude_0.001_base_p0,4h,30,magnitude_0.001,base,0,141,0.6383,3.496942,8.008,3.884,-0.0395,13496.94
4h_h30_magnitude_0.001_base_p1,4h,30,magnitude_0.001,base,1,137,0.6642,3.588173,8.249,3.888,-0.0381,13588.17
4h_h30_magnitude_0.001_base_p2,4h,30,magnitude_0.001,base,2,145,0.6759,3.688348,8.364,3.861,-0.0395,13688.35
4h_h30_magnitude_0.001_base_p3,4h,30,magnitude_0.001,base,3,132,0.697,3.5564,8.143,3.876,-0.04,13556.4
4h_h30_magnitude_0.001_base_p4,4h,30,magnitude_0.001,base,4,144,0.5278,2.818425,6.198,2.741,-0.0444,12818.43
4h_h30_magnitude_0.001_ta_p0,4h,30,magnitude_0.001,ta,0,109,0.6972,3.426989,7.994,4.118,-0.0395,13426.99
4h_h30_magnitude_0.001_ta_p1,4h,30,magnitude_0.001,ta,1,155,0.6645,3.355334,7.491,3.356,-0.0335,13355.33
4h_h30_magnitude_0.001_ta_p2,4h,30,magnitude_0.001,ta,2,135,0.6667,3.63255,8.175,3.76,-0.0395,13632.55
4h_h30_magnitude_0.001_ta_p3,4h,30,magnitude_0.001,ta,3,108,0.7593,3.897928,9.294,5.039,-0.0381,13897.93
4h_h30_magnitude_0.001_ta_p4,4h,30,magnitude_0.001,ta,4,173,0.4913,2.682007,5.934,2.568,-0.0444,12682.01
4h_h30_magnitude_0.001_more_lags_p0,4h,30,magnitude_0.001,more_lags,0,50,0.58,1.847388,4.514,2.716,-0.039,11847.39
4h_h30_magnitude_0.001_more_lags_p1,4h,30,magnitude_0.001,more_lags,1,66,0.5303,1.807411,4.138,2.366,-0.0403,11807.41
4h_h30_magnitude_0.001_more_lags_p2,4h,30,magnitude_0.001,more_lags,2,70,0.5429,1.908202,4.455,2.551,-0.0358,11908.2
4h_h30_magnitude_0.001_more_lags_p3,4h,30,magnitude_0.001,more_lags,3,71,0.6479,2.009806,4.433,2.387,-0.046,12009.81
4h_h30_magnitude_0.001_more_lags_p4,4h,30,magnitude_0.001,more_lags,4,120,0.575,2.759529,6.238,2.944,-0.0444,12759.53
4h_h30_magnitude_0.001_ta+lags_p0,4h,30,magnitude_0.001,ta+lags,0,52,0.5577,1.958037,4.678,2.76,-0.0395,11958.04
4h_h30_magnitude_0.001_ta+lags_p1,4h,30,magnitude_0.001,ta+lags,1,115,0.5652,2.210756,4.947,2.423,-0.0395,12210.76
4h_h30_magnitude_0.001_ta+lags_p2,4h,30,magnitude_0.001,ta+lags,2,120,0.5667,2.312547,4.847,2.274,-0.0558,12312.55
4h_h30_magnitude_0.001_ta+lags_p3,4h,30,magnitude_0.001,ta+lags,3,58,0.6034,1.829933,4.215,2.472,-0.0424,11829.93
4h_h30_magnitude_0.001_ta+lags_p4,4h,30,magnitude_0.001,ta+lags,4,75,0.56,1.860401,4.297,2.336,-0.0381,11860.4
4h_h30_magnitude_0.002_base_p0,4h,30,magnitude_0.002,base,0,146,0.7192,4.029565,8.888,4.637,-0.0344,14029.57
4h_h30_magnitude_0.002_base_p1,4h,30,magnitude_0.002,base,1,136,0.6324,3.444978,7.661,3.807,-0.0356,13444.98
4h_h30_magnitude_0.002_base_p2,4h,30,magnitude_0.002,base,2,169,0.6272,3.635636,7.968,3.708,-0.0395,13635.64
4h_h30_magnitude_0.002_base_p3,4h,30,magnitude_0.002,base,3,134,0.7239,3.933418,8.897,4.625,-0.0395,13933.42
4h_h30_magnitude_0.002_base_p4,4h,30,magnitude_0.002,base,4,179,0.6425,3.74918,8.212,3.49,-0.0348,13749.18
4h_h30_magnitude_0.002_ta_p0,4h,30,magnitude_0.002,ta,0,108,0.6667,3.463068,7.868,4.041,-0.0372,13463.07
4h_h30_magnitude_0.002_ta_p1,4h,30,magnitude_0.002,ta,1,118,0.7119,3.721419,8.405,4.157,-0.0374,13721.42
4h_h30_magnitude_0.002_ta_p2,4h,30,magnitude_0.002,ta,2,122,0.7541,4.035381,9.433,5.08,-0.0395,14035.38
4h_h30_magnitude_0.002_ta_p3,4h,30,magnitude_0.002,ta,3,82,0.7317,3.49051,8.236,4.482,-0.0372,13490.51
4h_h30_magnitude_0.002_ta_p4,4h,30,magnitude_0.002,ta,4,148,0.5946,3.356376,7.532,3.491,-0.0392,13356.38
4h_h30_magnitude_0.002_more_lags_p0,4h,30,magnitude_0.002,more_lags,0,75,0.6667,2.314707,5.093,2.611,-0.0369,12314.71
4h_h30_magnitude_0.002_more_lags_p1,4h,30,magnitude_0.002,more_lags,1,78,0.5769,1.903793,4.05,2.218,-0.0578,11903.79
4h_h30_magnitude_0.002_more_lags_p2,4h,30,magnitude_0.002,more_lags,2,89,0.5169,2.036415,4.378,2.318,-0.0506,12036.42
4h_h30_magnitude_0.002_more_lags_p3,4h,30,magnitude_0.002,more_lags,3,48,0.6458,2.109177,5.15,3.137,-0.0374,12109.18
4h_h30_magnitude_0.002_more_lags_p4,4h,30,magnitude_0.002,more_lags,4,149,0.5235,2.556408,5.558,2.447,-0.0432,12556.41
4h_h30_magnitude_0.002_ta+lags_p0,4h,30,magnitude_0.002,ta+lags,0,56,0.5714,1.552629,3.343,1.975,-0.0684,11552.63
4h_h30_magnitude_0.002_ta+lags_p1,4h,30,magnitude_0.002,ta+lags,1,79,0.5316,1.960394,4.46,2.468,-0.0369,11960.39
4h_h30_magnitude_0.002_ta+lags_p2,4h,30,magnitude_0.002,ta+lags,2,110,0.4727,1.401412,2.822,1.643,-0.087,11401.41
4h_h30_magnitude_0.002_ta+lags_p3,4h,30,magnitude_0.002,ta+lags,3,52,0.5962,1.944842,4.408,2.512,-0.0469,11944.84
4h_h30_magnitude_0.002_ta+lags_p4,4h,30,magnitude_0.002,ta+lags,4,146,0.5342,2.52705,5.428,2.384,-0.0363,12527.05
4h_h15_magnitude_0.001_base_p0,4h,15,magnitude_0.001,base,0,224,0.5491,2.106922,3.728,1.638,-0.0826,12106.92
4h_h15_magnitude_0.001_base_p1,4h,15,magnitude_0.001,base,1,241,0.5892,2.580332,4.731,1.803,-0.0826,12580.33
4h_h15_magnitude_0.001_base_p2,4h,15,magnitude_0.001,base,2,276,0.5507,2.548596,4.449,1.737,-0.0826,12548.6
4h_h15_magnitude_0.001_base_p3,4h,15,magnitude_0.001,base,3,201,0.6119,2.845527,5.195,2.002,-0.0826,12845.53
4h_h15_magnitude_0.001_base_p4,4h,15,magnitude_0.001,base,4,297,0.5253,2.206666,4.031,1.614,-0.0809,12206.67
4h_h15_magnitude_0.001_ta_p0,4h,15,magnitude_0.001,ta,0,235,0.5915,2.629849,4.742,1.825,-0.0819,12629.85
4h_h15_magnitude_0.001_ta_p1,4h,15,magnitude_0.001,ta,1,243,0.5267,1.639481,2.88,1.429,-0.0826,11639.48
4h_h15_magnitude_0.001_ta_p2,4h,15,magnitude_0.001,ta,2,214,0.5514,2.089358,3.745,1.629,-0.0826,12089.36
4h_h15_magnitude_0.001_ta_p3,4h,15,magnitude_0.001,ta,3,174,0.5287,1.733355,3.197,1.561,-0.0826,11733.35
4h_h15_magnitude_0.001_ta_p4,4h,15,magnitude_0.001,ta,4,294,0.5306,2.144835,3.873,1.579,-0.0826,12144.84
4h_h15_magnitude_0.001_more_lags_p0,4h,15,magnitude_0.001,more_lags,0,216,0.5556,1.965731,3.558,1.601,-0.0824,11965.73
4h_h15_magnitude_0.001_more_lags_p1,4h,15,magnitude_0.001,more_lags,1,292,0.5068,1.577401,2.868,1.405,-0.0826,11577.4
4h_h15_magnitude_0.001_more_lags_p2,4h,15,magnitude_0.001,more_lags,2,244,0.5615,1.67109,3.015,1.46,-0.0881,11671.09
4h_h15_magnitude_0.001_more_lags_p3,4h,15,magnitude_0.001,more_lags,3,187,0.5936,1.385256,2.5,1.403,-0.0826,11385.26
4h_h15_magnitude_0.001_more_lags_p4,4h,15,magnitude_0.001,more_lags,4,240,0.5875,2.964685,5.232,2.01,-0.0826,12964.69
4h_h15_magnitude_0.001_ta+lags_p0,4h,15,magnitude_0.001,ta+lags,0,197,0.5939,2.939504,5.589,2.164,-0.0826,12939.5
4h_h15_magnitude_0.001_ta+lags_p1,4h,15,magnitude_0.001,ta+lags,1,192,0.5365,1.525661,2.814,1.456,-0.0826,11525.66
4h_h15_magnitude_0.001_ta+lags_p2,4h,15,magnitude_0.001,ta+lags,2,246,0.5366,2.092987,3.743,1.566,-0.0825,12092.99
4h_h15_magnitude_0.001_ta+lags_p3,4h,15,magnitude_0.001,ta+lags,3,171,0.5906,1.980864,3.714,1.692,-0.0826,11980.86
4h_h15_magnitude_0.001_ta+lags_p4,4h,15,magnitude_0.001,ta+lags,4,223,0.4888,1.297711,2.351,1.346,-0.0938,11297.71
4h_h15_binary_base_p0,4h,15,binary,base,0,245,0.5673,1.816297,3.138,1.481,-0.0823,11816.3
4h_h15_binary_base_p1,4h,15,binary,base,1,279,0.5627,2.151969,3.891,1.599,-0.0822,12151.97
4h_h15_binary_base_p2,4h,15,binary,base,2,188,0.5479,2.28613,3.9,1.729,-0.0823,12286.13
4h_h15_binary_base_p3,4h,15,binary,base,3,218,0.555,1.768262,3.289,1.529,-0.0823,11768.26
4h_h15_binary_base_p4,4h,15,binary,base,4,200,0.555,2.290576,4.506,1.866,-0.0823,12290.58
4h_h15_binary_ta_p0,4h,15,binary,ta,0,235,0.5787,3.384986,5.819,2.089,-0.0897,13384.99
4h_h15_binary_ta_p1,4h,15,binary,ta,1,169,0.5799,2.149831,4.129,1.787,-0.0797,12149.83
4h_h15_binary_ta_p2,4h,15,binary,ta,2,220,0.6182,3.494993,5.676,1.983,-0.0852,13494.99
4h_h15_binary_ta_p3,4h,15,binary,ta,3,202,0.5396,1.680169,3.146,1.534,-0.0823,11680.17
4h_h15_binary_ta_p4,4h,15,binary,ta,4,167,0.5509,1.5303,2.968,1.508,-0.0823,11530.3
4h_h15_binary_more_lags_p0,4h,15,binary,more_lags,0,171,0.538,1.20406,2.18,1.338,-0.0823,11204.06
4h_h15_binary_more_lags_p1,4h,15,binary,more_lags,1,257,0.5447,1.50727,2.745,1.402,-0.0822,11507.27
4h_h15_binary_more_lags_p2,4h,15,binary,more_lags,2,265,0.5434,0.85383,1.501,1.202,-0.1156,10853.83
4h_h15_binary_more_lags_p3,4h,15,binary,more_lags,3,196,0.5204,0.987256,1.801,1.267,-0.1003,10987.26
4h_h15_binary_more_lags_p4,4h,15,binary,more_lags,4,240,0.5792,2.520099,4.699,1.802,-0.093,12520.1
4h_h15_binary_ta+lags_p0,4h,15,binary,ta+lags,0,215,0.5163,1.279442,2.371,1.365,-0.0892,11279.44
4h_h15_binary_ta+lags_p1,4h,15,binary,ta+lags,1,240,0.5417,1.773254,3.245,1.502,-0.0823,11773.25
4h_h15_binary_ta+lags_p2,4h,15,binary,ta+lags,2,192,0.5677,1.897711,3.545,1.617,-0.0822,11897.71
4h_h15_binary_ta+lags_p3,4h,15,binary,ta+lags,3,202,0.5594,1.482154,2.691,1.425,-0.0823,11482.15
4h_h15_binary_ta+lags_p4,4h,15,binary,ta+lags,4,161,0.5342,1.633394,2.954,1.523,-0.0889,11633.39
